Workbook

Sheet Votes
A1: Innovation Project Topic Vote
A2: How to vote: each student picks 3 different topics from the dropdowns. 1st choice = 3 points, 2nd = 2, 3rd = 1. Fill only the yellow cells. Voter names in blue can be edited (Fedor, Ira, Jordan are assumed from the 2026-09-29 notes; change if wrong).
A4: Voter | B4: 1st choice (3 pts) | C4: 2nd choice (2 pts) | D4: 3rd choice (1 pt) | E4: Check
A5: Alexis | B5: Ocean acidification | C5: Animals in captivity | D5: Invasive species | E5: =IF(COUNTA(B5:D5)=0,"Waiting",IF(COUNTA(B5:D5)<3,"Incomplete",IF(OR(B5=C5,B5=D5,C5=D5),"Duplicate pick","OK"))) -> OK
A6: Amelia | B6: Animals in captivity | C6: Ocean acidification | D6: Human-made wildfires | E6: =IF(COUNTA(B6:D6)=0,"Waiting",IF(COUNTA(B6:D6)<3,"Incomplete",IF(OR(B6=C6,B6=D6,C6=D6),"Duplicate pick","OK"))) -> OK
A7: Sylvie | B7: Human-made wildfires | C7: Invasive species | D7: Animals in captivity | E7: =IF(COUNTA(B7:D7)=0,"Waiting",IF(COUNTA(B7:D7)<3,"Incomplete",IF(OR(B7=C7,B7=D7,C7=D7),"Duplicate pick","OK"))) -> OK
A8: Ella | B8: Pollution | C8: Animals in captivity | D8: Invasive species | E8: =IF(COUNTA(B8:D8)=0,"Waiting",IF(COUNTA(B8:D8)<3,"Incomplete",IF(OR(B8=C8,B8=D8,C8=D8),"Duplicate pick","OK"))) -> OK
A9: Brynn | B9: Light pollution | C9: Ocean acidification | D9: Animals in captivity | E9: =IF(COUNTA(B9:D9)=0,"Waiting",IF(COUNTA(B9:D9)<3,"Incomplete",IF(OR(B9=C9,B9=D9,C9=D9),"Duplicate pick","OK"))) -> OK
A10: Jack | B10: Invasive species | C10: Ocean acidification | D10: Light pollution | E10: =IF(COUNTA(B10:D10)=0,"Waiting",IF(COUNTA(B10:D10)<3,"Incomplete",IF(OR(B10=C10,B10=D10,C10=D10),"Duplicate pick","OK"))) -> OK
A11: Fedor | B11: Invasive species | C11: Ocean acidification | D11: Pollution | E11: =IF(COUNTA(B11:D11)=0,"Waiting",IF(COUNTA(B11:D11)<3,"Incomplete",IF(OR(B11=C11,B11=D11,C11=D11),"Duplicate pick","OK"))) -> OK
A12: Ira | B12: Invasive species | C12: Animals in captivity | D12: Ocean acidification | E12: =IF(COUNTA(B12:D12)=0,"Waiting",IF(COUNTA(B12:D12)<3,"Incomplete",IF(OR(B12=C12,B12=D12,C12=D12),"Duplicate pick","OK"))) -> OK
A13: Jordan | B13: Invasive species | C13: Human-made wildfires | D13: Animals in captivity | E13: =IF(COUNTA(B13:D13)=0,"Waiting",IF(COUNTA(B13:D13)<3,"Incomplete",IF(OR(B13=C13,B13=D13,C13=D13),"Duplicate pick","OK"))) -> OK
A15: Ballots complete: | B15: =COUNTIF(E5:E13,"OK")&" of "&COUNTA(A5:A13) -> 9 of 9

Sheet Tally
A1: Vote Tally
A2: Points per choice (edit to change scoring):
A3: 1st / 2nd / 3rd: | B3: 3 | C3: 2 | D3: 1
A4: Topic | B4: Presenter | C4: 1st-choice votes | D4: 2nd-choice votes | E4: 3rd-choice votes | F4: Total points | G4: Rank | H4: Source
A5: Ocean acidification | B5: Alexis | C5: =COUNTIF(Votes!$B$5:$B$13,$A5) -> 1 | D5: =COUNTIF(Votes!$C$5:$C$13,$A5) -> 4 | E5: =COUNTIF(Votes!$D$5:$D$13,$A5) -> 1 | F5: =C5*$B$3+D5*$C$3+E5*$D$3 -> 12 | G5: =RANK(F5,$F$5:$F$10) -> 2 | H5: NOAA
A6: Animals in captivity | B6: Amelia | C6: =COUNTIF(Votes!$B$5:$B$13,$A6) -> 1 | D6: =COUNTIF(Votes!$C$5:$C$13,$A6) -> 3 | E6: =COUNTIF(Votes!$D$5:$D$13,$A6) -> 3 | F6: =C6*$B$3+D6*$C$3+E6*$D$3 -> 12 | G6: =RANK(F6,$F$5:$F$10) -> 2 | H6: In Defense of Animals, World Animals Protection
A7: Human-made wildfires | B7: Sylvie | C7: =COUNTIF(Votes!$B$5:$B$13,$A7) -> 1 | D7: =COUNTIF(Votes!$C$5:$C$13,$A7) -> 1 | E7: =COUNTIF(Votes!$D$5:$D$13,$A7) -> 1 | F7: =C7*$B$3+D7*$C$3+E7*$D$3 -> 6 | G7: =RANK(F7,$F$5:$F$10) -> 4 | H7: CBC
A8: Pollution | B8: Ella | C8: =COUNTIF(Votes!$B$5:$B$13,$A8) -> 1 | D8: =COUNTIF(Votes!$C$5:$C$13,$A8) -> 0 | E8: =COUNTIF(Votes!$D$5:$D$13,$A8) -> 1 | F8: =C8*$B$3+D8*$C$3+E8*$D$3 -> 4 | G8: =RANK(F8,$F$5:$F$10) -> 5 | H8: None yet
A9: Light pollution | B9: Brynn | C9: =COUNTIF(Votes!$B$5:$B$13,$A9) -> 1 | D9: =COUNTIF(Votes!$C$5:$C$13,$A9) -> 0 | E9: =COUNTIF(Votes!$D$5:$D$13,$A9) -> 1 | F9: =C9*$B$3+D9*$C$3+E9*$D$3 -> 4 | G9: =RANK(F9,$F$5:$F$10) -> 5 | H9: None yet
A10: Invasive species | B10: Jack | C10: =COUNTIF(Votes!$B$5:$B$13,$A10) -> 4 | D10: =COUNTIF(Votes!$C$5:$C$13,$A10) -> 1 | E10: =COUNTIF(Votes!$D$5:$D$13,$A10) -> 2 | F10: =C10*$B$3+D10*$C$3+E10*$D$3 -> 16 | G10: =RANK(F10,$F$5:$F$10) -> 1 | H10: None yet
A12: Total | C12: =SUM(C5:C10) -> 9 | D12: =SUM(D5:D10) -> 9 | E12: =SUM(E5:E10) -> 9 | F12: =SUM(F5:F10) -> 54
A14: WINNER | B14: =IF(F12=0,"No votes yet",IF(COUNTIF(F5:F10,MAX(F5:F10))>1,"TIE - hold a runoff between the top topics",INDEX(A5:A10,MATCH(MAX(F5:F10),F5:F10,0)))) -> Invasive species
A15: Winner's presenter | B15: =IF(OR(F12=0,COUNTIF(F5:F10,MAX(F5:F10))>1),"",INDEX(B5:B10,MATCH(MAX(F5:F10),F5:F10,0))) -> Jack
A16: Winner has a source? | B16: =IF(OR(F12=0,COUNTIF(F5:F10,MAX(F5:F10))>1),"",IF(INDEX(H5:H10,MATCH(MAX(F5:F10),F5:F10,0))="None yet","No - find one before next meeting","Yes")) -> No - find one before next meeting
A18: Notes: Source column comes from the 2026-10-06 presentations. Edit it as sources are found. Tie-break rule: runoff by show of hands between tied topics.
