Workbook

Sheet Sheet1
A1: Team Name | F1: Scoring Weights
A2: Failthful Chicken | F2: 1st choice | G2: 3
A3: Hipoduckalruses | F3: 2nd choice | G3: 2
A4: Terrable Termits | F4: 3rd choice | G4: 1
A5: Coding Koalas
A6: Kanadian Koalas | F6: Team Name | G6: 1st | H6: 2nd | I6: 3rd | J6: Total Votes | K6: Points | L6: Rank
A7: Problem Solving Peguins | F7: =A2 -> Failthful Chicken | G7: =COUNTIF($B$12:$B$20,$F7) -> 0 | H7: =COUNTIF($C$12:$C$20,$F7) -> 0 | I7: =COUNTIF($D$12:$D$20,$F7) -> 1 | J7: =SUM($G7:$I7) -> 1 | K7: =$G7*$G$2+$H7*$G$3+$I7*$G$4 -> 1 | L7: =IF($K7=0,"-",RANK($K7,$K$7:$K$14)) -> 6
A8: Programming Peguins | F8: =A3 -> Hipoduckalruses | G8: =COUNTIF($B$12:$B$20,$F8) -> 1 | H8: =COUNTIF($C$12:$C$20,$F8) -> 6 | I8: =COUNTIF($D$12:$D$20,$F8) -> 2 | J8: =SUM($G8:$I8) -> 9 | K8: =$G8*$G$2+$H8*$G$3+$I8*$G$4 -> 17 | L8: =IF($K8=0,"-",RANK($K8,$K$7:$K$14)) -> 2
A9: Look it’s a Giraffe! | F9: =A4 -> Terrable Termits | G9: =COUNTIF($B$12:$B$20,$F9) -> 0 | H9: =COUNTIF($C$12:$C$20,$F9) -> 0 | I9: =COUNTIF($D$12:$D$20,$F9) -> 0 | J9: =SUM($G9:$I9) -> 0 | K9: =$G9*$G$2+$H9*$G$3+$I9*$G$4 -> 0 | L9: =IF($K9=0,"-",RANK($K9,$K$7:$K$14)) -> -
F10: =A5 -> Coding Koalas | G10: =COUNTIF($B$12:$B$20,$F10) -> 0 | H10: =COUNTIF($C$12:$C$20,$F10) -> 1 | I10: =COUNTIF($D$12:$D$20,$F10) -> 1 | J10: =SUM($G10:$I10) -> 2 | K10: =$G10*$G$2+$H10*$G$3+$I10*$G$4 -> 3 | L10: =IF($K10=0,"-",RANK($K10,$K$7:$K$14)) -> 4
A11: Voter | B11: 1st Choice | C11: 2nd Choice | D11: 3rd Choice | F11: =A6 -> Kanadian Koalas | G11: =COUNTIF($B$12:$B$20,$F11) -> 1 | H11: =COUNTIF($C$12:$C$20,$F11) -> 1 | I11: =COUNTIF($D$12:$D$20,$F11) -> 3 | J11: =SUM($G11:$I11) -> 5 | K11: =$G11*$G$2+$H11*$G$3+$I11*$G$4 -> 8 | L11: =IF($K11=0,"-",RANK($K11,$K$7:$K$14)) -> 3
A12: Voter 1 | B12: Look it’s a Giraffe! | C12: Kanadian Koalas | D12: Hipoduckalruses | F12: =A7 -> Problem Solving Peguins | G12: =COUNTIF($B$12:$B$20,$F12) -> 1 | H12: =COUNTIF($C$12:$C$20,$F12) -> 0 | I12: =COUNTIF($D$12:$D$20,$F12) -> 0 | J12: =SUM($G12:$I12) -> 1 | K12: =$G12*$G$2+$H12*$G$3+$I12*$G$4 -> 3 | L12: =IF($K12=0,"-",RANK($K12,$K$7:$K$14)) -> 4
A13: Voter 2 | B13: Look it’s a Giraffe! | C13: Hipoduckalruses | D13: Kanadian Koalas | F13: =A8 -> Programming Peguins | G13: =COUNTIF($B$12:$B$20,$F13) -> 0 | H13: =COUNTIF($C$12:$C$20,$F13) -> 0 | I13: =COUNTIF($D$12:$D$20,$F13) -> 0 | J13: =SUM($G13:$I13) -> 0 | K13: =$G13*$G$2+$H13*$G$3+$I13*$G$4 -> 0 | L13: =IF($K13=0,"-",RANK($K13,$K$7:$K$14)) -> -
A14: Voter 3 | B14: Look it’s a Giraffe! | C14: Hipoduckalruses | D14: Coding Koalas | F14: =A9 -> Look it’s a Giraffe! | G14: =COUNTIF($B$12:$B$20,$F14) -> 6 | H14: =COUNTIF($C$12:$C$20,$F14) -> 1 | I14: =COUNTIF($D$12:$D$20,$F14) -> 2 | J14: =SUM($G14:$I14) -> 9 | K14: =$G14*$G$2+$H14*$G$3+$I14*$G$4 -> 22 | L14: =IF($K14=0,"-",RANK($K14,$K$7:$K$14)) -> 1
A15: Voter 4 | B15: Kanadian Koalas | C15: Hipoduckalruses | D15: Look it’s a Giraffe!
A16: Voter 5 | B16: Problem Solving Peguins | C16: Hipoduckalruses | D16: Look it’s a Giraffe! | F16: RESULT
A17: Voter 6 | B17: Look it’s a Giraffe! | C17: Hipoduckalruses | D17: Kanadian Koalas | F17: Winning name | G17: =IF(SUM($K$7:$K$14)=0,"No votes yet",INDEX($F$7:$F$14,MATCH(MAX($K$7:$K$14),$K$7:$K$14,0))) -> Look it’s a Giraffe!
A18: Voter 7 | B18: Hipoduckalruses | C18: Look it’s a Giraffe! | D18: Kanadian Koalas | F18: Winning points | G18: =MAX($K$7:$K$14) -> 22
A19: Voter 8 | B19: Look it’s a Giraffe! | C19: Hipoduckalruses | D19: Failthful Chicken | F19: Ballots cast | G19: =COUNTA($B$12:$B$20) -> 9
A20: Voter 9 | B20: Look it’s a Giraffe! | C20: Coding Koalas | D20: Hipoduckalruses | F20: Tie for first? | G20: =IF(SUM($K$7:$K$14)=0,"-",IF(COUNTIF($K$7:$K$14,MAX($K$7:$K$14))>1,"YES - "&COUNTIF($K$7:$K$14,MAX($K$7:$K$14))&" names tied","No")) -> No

Sheet Announcement
B2: 🥁 THE VOTES ARE IN 🥁
B4: ="Our team name is: "&Sheet1!G17 -> Our team name is: Look it’s a Giraffe!
B6: ="All "&Sheet1!G19&" of you ranked your top three. We scored the ballots 3-2-1, and one name stuck its neck out early and never looked back." -> All 9 of you ranked your top three. We scored the ballots 3-2-1, and one name stuck its neck out early and never looked back.
B7: =Sheet1!G17&" took "&Sheet1!G14&" of "&Sheet1!G19&" first-place votes and finished with "&Sheet1!G18&" points - a clear win, no tiebreaker needed." -> Look it’s a Giraffe! took 6 of 9 first-place votes and finished with 22 points - a clear win, no tiebreaker needed.
B9: FULL RESULTS
B10: Rank | C10: Name | D10: Points
B11: 1st | C11: =INDEX(Sheet1!$F$7:$F$14,MATCH(LARGE(Sheet1!$K$7:$K$14,ROW()-10),Sheet1!$K$7:$K$14,0)) -> Look it’s a Giraffe! | D11: =LARGE(Sheet1!$K$7:$K$14,ROW()-10) -> 22
B12: 2nd | C12: =INDEX(Sheet1!$F$7:$F$14,MATCH(LARGE(Sheet1!$K$7:$K$14,ROW()-10),Sheet1!$K$7:$K$14,0)) -> Hipoduckalruses | D12: =LARGE(Sheet1!$K$7:$K$14,ROW()-10) -> 17
B13: 3rd | C13: =INDEX(Sheet1!$F$7:$F$14,MATCH(LARGE(Sheet1!$K$7:$K$14,ROW()-10),Sheet1!$K$7:$K$14,0)) -> Kanadian Koalas | D13: =LARGE(Sheet1!$K$7:$K$14,ROW()-10) -> 8
B15: ="Honourable mentions to everyone else on the shortlist, and a moment of silence for the names that received zero votes of any kind." -> Honourable mentions to everyone else on the shortlist, and a moment of silence for the names that received zero votes of any kind.
B16: Thanks to everyone who voted. Update your slides, your standup notes, and your sense of self accordingly. 🦒
